Studio Name,Thumbnail URL,Last Update,State,Expected Start Date,Expected End Date
Pottery,/pottery.jpg,"Infrastructure installation continues",NOT_STARTED,"October 24, 2026","October 31, 2026"
Woodshop,/woodshop.jpg,"Infrastructure installation continues",NOT_STARTED,"October 17, 2026","October 23, 2026"
Metal Shop,/metal.jpg,"Infrastructure installation continues",NOT_STARTED,"October 17, 2026","October 23, 2026"
3D Printing,/3dprinting.jpg,"",NOT_STARTED,"October 10, 2026","October 16, 2026"
Laser Cutting & Engraving,/lasers.jpg,"",NOT_STARTED,"October 10, 2026","October 16, 2026"
Electronics,/electronics.jpg,"",NOT_STARTED,"October 10, 2026","October 16, 2026"
Sewing/Crafting,/sewing.jpg,"",NOT_STARTED,"October 10, 2026","October 16, 2026"
Stained Glass,/glass.jpg,"",NOT_STARTED,"October 10, 2026","October 16, 2026"
Paper & Large Format Printing,/printing.jpg,"",NOT_STARTED,"October 10, 2026","October 16, 2026"
Silk Screening,/silkscreening.jpg,"Requires electrical before it can be used",IN_PROGRESS,"September 27, 2026","October 9, 2026"
Other Equipment,/other.png,"This is stuff that's not in use, or is in storage.",IN_PROGRESS,"September 27, 2026","October 9, 2026"
Gaming & Rental Room,/tabletop.jpg,"This is a net-new studio for ENTS",DONE_BUT_PENDING_BUDGET,"",""
Oat47 Lounge,/lounge.jpg,"This is a net-new studio for ENTS",DONE_BUT_PENDING_BUDGET,"",""
